{"cameraMode":{"drawMode":0,"name":"Shaded","section":"Shading Mode"},"sceneLighting":false,"audioPlay":false,"sceneViewState":{"showFog":true,"showMaterialUpdate":false,"showSkybox":true,"showFlares":true,"showImageEffects":true,"showParticleSystems":true},"in2DMode":false,"pivot":{"x":-0.35468563437461855,"y":-0.9404935240745544,"z":-1.0822856426239014},"rotation":{"x":-0.017269441857933999,"y":-0.9528456926345825,"z":0.2978849411010742,"w":-0.05523926764726639},"size":0.9687085747718811,"orthographic":true}