{"cameraMode":{"drawMode":0,"name":"Shaded","section":"Shading Mode"},"sceneLighting":true,"audioPlay":false,"sceneViewState":{"showFog":true,"showMaterialUpdate":false,"showSkybox":true,"showFlares":true,"showImageEffects":true,"showParticleSystems":true},"in2DMode":false,"pivot":{"x":-1.6146352291107178,"y":-170.23048400878907,"z":0.01726555824279785},"rotation":{"x":0.05409511551260948,"y":0.8359289765357971,"z":-0.08378637582063675,"w":0.5397002696990967},"size":15.510104179382325,"orthographic":true}